step,chamfer,quadtree_est,uniform_est,quadtree_err,uniform_err
52,1.43068e+06,1.409e+06,1.44832e+06,-0.0151554,0.0123287
78,1.43764e+06,1.38088e+06,1.47007e+06,-0.0394801,0.0225573
104,1.43964e+06,1.53855e+06,1.44552e+06,0.0687092,0.00408934
130,1.4244e+06,1.44576e+06,1.44891e+06,0.014994,0.0172044
156,1.38854e+06,1.35136e+06,1.38062e+06,-0.0267828,-0.00570367
182,1.39161e+06,1.45953e+06,1.38067e+06,0.0488119,-0.00785658
208,1.39431e+06,1.41936e+06,1.32722e+06,0.0179661,-0.0481181
234,1.38742e+06,1.43412e+06,1.3762e+06,0.0336588,-0.00808498
260,1.46081e+06,1.46819e+06,1.43485e+06,0.00505168,-0.0177711
286,1.38259e+06,1.40066e+06,1.38255e+06,0.0130707,-3.09068e-05
312,1.38159e+06,1.35204e+06,1.41763e+06,-0.0213898,0.0260866
338,1.40078e+06,1.41879e+06,1.41144e+06,0.0128581,0.00761259
364,1.39257e+06,1.39771e+06,1.36936e+06,0.00369387,-0.0166701
390,1.40099e+06,1.36992e+06,1.3977e+06,-0.0221778,-0.00235028
416,1.39635e+06,1.39126e+06,1.437e+06,-0.00364718,0.0291125
442,1.41795e+06,1.41197e+06,1.39558e+06,-0.00421977,-0.0157791
468,1.40323e+06,1.41487e+06,1.39538e+06,0.00829269,-0.00559554
494,1.38008e+06,1.40502e+06,1.35779e+06,0.0180733,-0.0161503
520,1.38524e+06,1.31355e+06,1.37979e+06,-0.0517558,-0.00393626
546,1.37496e+06,1.37507e+06,1.38288e+06,7.63545e-05,0.00575654
572,1.36314e+06,1.31504e+06,1.39428e+06,-0.0352834,0.0228468
598,1.3641e+06,1.39464e+06,1.3883e+06,0.0223954,0.0177428
624,1.41717e+06,1.41687e+06,1.41025e+06,-0.000212333,-0.00488638
650,1.39889e+06,1.36557e+06,1.404e+06,-0.0238148,0.00365619
676,1.4e+06,1.36883e+06,1.37087e+06,-0.0222638,-0.0208114
702,1.38996e+06,1.39445e+06,1.41979e+06,0.00323519,0.0214654
728,1.38452e+06,1.33957e+06,1.40505e+06,-0.0324675,0.0148268
754,1.39187e+06,1.42976e+06,1.4019e+06,0.0272203,0.00720829
780,1.38574e+06,1.45114e+06,1.39392e+06,0.0471883,0.0059024
806,1.38234e+06,1.37513e+06,1.38667e+06,-0.00521277,0.00313612
832,1.3913e+06,1.38754e+06,1.39478e+06,-0.00270074,0.00250278
858,1.40652e+06,1.34345e+06,1.4395e+06,-0.0448444,0.0234496
884,1.39604e+06,1.34991e+06,1.43213e+06,-0.0330438,0.0258508
910,1.44517e+06,1.4353e+06,1.42859e+06,-0.00683246,-0.0114754
936,1.41385e+06,1.39124e+06,1.4307e+06,-0.0159917,0.0119173
962,1.38431e+06,1.30569e+06,1.36929e+06,-0.056791,-0.0108446
988,1.40988e+06,1.35973e+06,1.39418e+06,-0.0355732,-0.0111348
