step,chamfer,strat_est,strat_err
664,2.86078e+08,2.7989e+08,-0.0216286
830,2.84103e+08,2.86535e+08,0.00856197
996,2.85211e+08,2.82856e+08,-0.00825813
1162,2.85399e+08,2.86253e+08,0.00299222
1328,2.87045e+08,2.86758e+08,-0.000998839
1494,2.84613e+08,2.84019e+08,-0.00208638
1660,2.85564e+08,2.81413e+08,-0.0145358
1826,2.87945e+08,2.85714e+08,-0.0077475
1992,2.87949e+08,2.87973e+08,8.54174e-05
2158,2.86047e+08,2.85204e+08,-0.00294846
2324,2.84132e+08,2.90361e+08,0.0219226
2490,2.85706e+08,2.88668e+08,0.0103655
2656,2.87182e+08,2.85436e+08,-0.00608169
2822,2.86633e+08,2.83022e+08,-0.0125969
2988,2.86601e+08,2.90789e+08,0.0146117
3154,2.8662e+08,2.85449e+08,-0.00408409
3320,2.85877e+08,2.87099e+08,0.00427343
3486,2.84227e+08,2.81317e+08,-0.0102407
3652,2.8406e+08,2.84688e+08,0.00220904
3818,2.84112e+08,2.88577e+08,0.0157132
3984,2.83076e+08,2.85445e+08,0.00837059
4150,2.83537e+08,2.80688e+08,-0.0100469
4316,2.83541e+08,2.86365e+08,0.0099616
4482,2.83984e+08,2.90452e+08,0.0227751
4648,2.85222e+08,2.89247e+08,0.014113
4814,2.86048e+08,2.85514e+08,-0.0018662
4980,2.83654e+08,2.92481e+08,0.0311177
5146,2.82535e+08,2.79009e+08,-0.0124815
5312,2.84081e+08,2.82509e+08,-0.0055324
5478,2.85578e+08,2.87409e+08,0.00640934
5644,2.86886e+08,2.87672e+08,0.00274045
5810,2.85681e+08,2.82272e+08,-0.0119305
5976,2.86518e+08,2.86779e+08,0.000909264
6142,2.86752e+08,2.89274e+08,0.00879438
6308,2.85377e+08,2.89041e+08,0.0128413
6474,2.87488e+08,2.88815e+08,0.00461611
6640,2.8609e+08,2.85082e+08,-0.00352481
6806,2.85762e+08,2.8914e+08,0.0118232
6972,2.83669e+08,2.80308e+08,-0.0118483
7138,2.84946e+08,2.8306e+08,-0.00661913
7304,2.86931e+08,2.87967e+08,0.00360941
7470,2.86388e+08,2.8098e+08,-0.0188829
7636,2.85674e+08,2.843e+08,-0.0048091
7802,2.84491e+08,2.87463e+08,0.0104474
7968,2.84174e+08,2.88331e+08,0.0146288
8134,2.84822e+08,2.82277e+08,-0.00893565
8300,2.85263e+08,2.83976e+08,-0.00451051
8466,2.83507e+08,2.8219e+08,-0.00464419
8632,2.838e+08,2.81721e+08,-0.00732554
8798,2.84825e+08,2.82153e+08,-0.00938227
8964,2.86885e+08,2.94057e+08,0.0249979
9130,2.85956e+08,2.8552e+08,-0.00152284
9296,2.85789e+08,2.79074e+08,-0.0234978
9462,2.87009e+08,2.81926e+08,-0.0177088
9628,2.88781e+08,2.9004e+08,0.00435824
9794,2.86812e+08,2.82646e+08,-0.0145279
9960,2.85034e+08,2.8407e+08,-0.00338178
