step,chamfer,quadtree_est,e2lsh_est,uniform_est,quadtree_err,e2lsh_err,uniform_err
664,9.0815e+07,9.37472e+07,8.97066e+07,7.79467e+07,0.0322877,-0.0122057,-0.141698
830,9.06615e+07,9.48451e+07,9.16672e+07,7.34168e+07,0.0461457,0.0110933,-0.190209
996,9.07047e+07,8.80263e+07,8.84835e+07,7.53553e+07,-0.0295291,-0.0244878,-0.169223
1162,9.06471e+07,8.88818e+07,9.14998e+07,7.77587e+07,-0.0194746,0.0094062,-0.142182
1328,9.07805e+07,8.99531e+07,9.00776e+07,7.5943e+07,-0.00911326,-0.00774183,-0.163443
1494,9.02496e+07,8.19194e+07,8.8283e+07,7.44555e+07,-0.0923019,-0.021791,-0.175005
1660,9.01113e+07,9.49953e+07,9.37592e+07,7.61861e+07,0.0542002,0.0404829,-0.154533
1826,8.97467e+07,9.07746e+07,8.96957e+07,7.53888e+07,0.0114531,-0.000567891,-0.159982
1992,8.98534e+07,8.84722e+07,9.03176e+07,7.54677e+07,-0.0153724,0.00516638,-0.160103
2158,8.98752e+07,9.44198e+07,9.02589e+07,7.72857e+07,0.0505662,0.00426973,-0.140077
2324,9.07672e+07,9.4075e+07,9.12863e+07,7.61422e+07,0.0364427,0.005719,-0.161126
2490,9.07742e+07,8.77824e+07,9.10644e+07,7.76364e+07,-0.0329578,0.00319739,-0.14473
2656,9.05214e+07,9.00382e+07,9.09752e+07,7.65231e+07,-0.00533755,0.00501332,-0.15464
2822,9.00425e+07,9.17855e+07,8.93816e+07,7.31073e+07,0.0193583,-0.00733972,-0.18808
2988,9.04269e+07,9.1933e+07,9.17346e+07,7.4596e+07,0.0166559,0.0144616,-0.175069
3154,9.07186e+07,9.37121e+07,9.2142e+07,7.57967e+07,0.0329968,0.0156904,-0.164486
3320,9.07808e+07,9.09128e+07,8.91191e+07,7.81979e+07,0.00145362,-0.0183044,-0.138608
3486,9.05093e+07,8.79046e+07,9.05253e+07,7.70728e+07,-0.0287786,0.000176863,-0.148454
3652,9.0514e+07,9.24125e+07,9.13501e+07,7.44485e+07,0.0209747,0.00923735,-0.177492
3818,9.04842e+07,9.22519e+07,8.8206e+07,7.43505e+07,0.0195359,-0.025178,-0.178304
3984,9.05173e+07,8.59718e+07,9.34633e+07,7.64765e+07,-0.0502165,0.0325464,-0.155117
4150,9.06807e+07,9.56203e+07,9.25317e+07,7.64796e+07,0.0544722,0.0204119,-0.156605
4316,9.06944e+07,9.0459e+07,9.03834e+07,7.43314e+07,-0.00259625,-0.00342929,-0.18042
4482,9.05766e+07,9.25585e+07,9.35486e+07,7.58885e+07,0.0218815,0.0328126,-0.162162
4648,9.06517e+07,8.79974e+07,9.03825e+07,7.52914e+07,-0.0292796,-0.00296866,-0.169442
4814,9.04283e+07,9.50704e+07,9.05183e+07,7.41439e+07,0.051334,0.000994961,-0.180081
4980,9.0376e+07,8.80602e+07,9.16859e+07,7.46903e+07,-0.0256242,0.0144938,-0.173561
5146,9.0807e+07,9.04694e+07,8.93962e+07,7.58295e+07,-0.0037186,-0.0155371,-0.164938
5312,9.05717e+07,9.20627e+07,9.17726e+07,7.54018e+07,0.0164624,0.0132592,-0.167491
5478,9.04283e+07,9.19728e+07,8.92175e+07,7.5258e+07,0.0170802,-0.0133901,-0.167761
5644,9.02276e+07,9.01718e+07,8.98908e+07,7.73289e+07,-0.000617872,-0.00373216,-0.142958
5810,9.03303e+07,9.80407e+07,8.92274e+07,7.39133e+07,0.0853574,-0.01221,-0.181744
5976,9.05253e+07,8.43392e+07,8.94503e+07,7.63571e+07,-0.0683361,-0.0118757,-0.156511
6142,9.08657e+07,8.9962e+07,8.90348e+07,7.39829e+07,-0.00994524,-0.0201492,-0.1858
6308,9.08967e+07,8.56941e+07,8.98053e+07,8.00262e+07,-0.057236,-0.0120068,-0.119592
6474,9.08067e+07,9.52516e+07,9.18343e+07,7.64867e+07,0.0489491,0.011316,-0.157698
6640,9.08014e+07,9.1317e+07,8.76689e+07,7.67323e+07,0.00567807,-0.0344985,-0.154943
6806,9.09887e+07,9.03242e+07,8.99045e+07,7.54449e+07,-0.00730302,-0.0119158,-0.170832
6972,9.13e+07,8.70757e+07,8.9423e+07,7.72823e+07,-0.0462677,-0.0205582,-0.153534
7138,9.06062e+07,9.0855e+07,8.79151e+07,7.48492e+07,0.00274625,-0.0297007,-0.173906
7304,9.0574e+07,8.49354e+07,9.10889e+07,7.81319e+07,-0.0622535,0.00568492,-0.137369
7470,9.03013e+07,8.93143e+07,8.8126e+07,7.46809e+07,-0.0109296,-0.0240894,-0.172981
7636,9.05825e+07,8.95866e+07,9.01186e+07,7.71065e+07,-0.0109947,-0.00512144,-0.14877
7802,9.03603e+07,8.6154e+07,9.08034e+07,7.54294e+07,-0.04655,0.00490346,-0.165238
7968,9.06712e+07,9.27838e+07,9.04648e+07,7.58963e+07,0.0232995,-0.00227659,-0.16295
8134,9.05898e+07,9.38988e+07,9.01557e+07,7.597e+07,0.0365275,-0.00479213,-0.161384
8300,9.1011e+07,8.95156e+07,9.37341e+07,7.66822e+07,-0.0164306,0.0299206,-0.157441
8466,9.06051e+07,8.89819e+07,8.7846e+07,7.72302e+07,-0.0179149,-0.0304523,-0.147617
8632,9.05349e+07,8.29755e+07,9.18064e+07,7.46566e+07,-0.0834977,0.014044,-0.175383
8798,9.02685e+07,9.06638e+07,9.0176e+07,7.59088e+07,0.00437908,-0.00102436,-0.159078
8964,9.03301e+07,8.8964e+07,8.92993e+07,7.77378e+07,-0.0151237,-0.011412,-0.139404
9130,9.05576e+07,8.57556e+07,8.9782e+07,7.44072e+07,-0.0530267,-0.00856459,-0.178344
9296,9.06694e+07,9.35106e+07,9.30008e+07,7.54485e+07,0.0313356,0.0257131,-0.167873
9462,9.08549e+07,9.20957e+07,9.08998e+07,7.58383e+07,0.0136565,0.000494143,-0.165281
9628,9.08611e+07,8.54847e+07,9.1081e+07,7.86795e+07,-0.0591718,0.00242023,-0.134069
9794,9.05871e+07,9.06092e+07,9.03679e+07,7.48205e+07,0.000243926,-0.00241987,-0.174049
9960,9.05078e+07,9.39487e+07,9.18156e+07,7.66197e+07,0.038018,0.0144494,-0.153446
