step,chamfer,strat_est,is_est,strat_err,is_err
664,7.6214e+07,7.44998e+07,8.18319e+07,-0.0224921,0.0737126
830,7.60605e+07,7.69543e+07,7.31424e+07,0.0117513,-0.0383653
996,7.61033e+07,7.63116e+07,7.42045e+07,0.00273674,-0.0249507
1162,7.6046e+07,7.5103e+07,7.19737e+07,-0.0123997,-0.0535499
1328,7.61793e+07,7.31695e+07,7.61619e+07,-0.0395096,-0.000228896
1494,7.56485e+07,7.16711e+07,7.66554e+07,-0.0525774,0.0133105
1660,7.55099e+07,7.74103e+07,7.68859e+07,0.025168,0.018223
1826,7.51453e+07,7.27849e+07,7.78568e+07,-0.0314109,0.0360831
1992,7.5252e+07,7.58452e+07,7.72092e+07,0.00788201,0.0260081
2158,7.52739e+07,7.54478e+07,7.86581e+07,0.00231034,0.0449591
2324,7.61659e+07,7.79331e+07,7.54551e+07,0.0232017,-0.00933184
2490,7.61729e+07,7.55042e+07,8.11169e+07,-0.0087777,0.0649051
2656,7.59201e+07,7.78651e+07,6.96682e+07,0.0256186,-0.0823484
2822,7.5441e+07,7.40327e+07,8.00169e+07,-0.0186676,0.0606551
2988,7.58256e+07,7.4087e+07,7.91266e+07,-0.0229298,0.0435333
3154,7.61174e+07,7.77621e+07,7.91764e+07,0.0216078,0.0401883
3320,7.61798e+07,7.53664e+07,7.55173e+07,-0.0106771,-0.00869639
3486,7.59083e+07,7.50093e+07,7.70998e+07,-0.011844,0.0156957
3652,7.59131e+07,7.60456e+07,8.01201e+07,0.00174429,0.0554175
3818,7.58834e+07,7.70454e+07,7.5229e+07,0.0153139,-0.008623
3984,7.59164e+07,7.87405e+07,7.57844e+07,0.0371999,-0.00173936
4150,7.60795e+07,7.34762e+07,7.3352e+07,-0.0342182,-0.0358504
4316,7.60934e+07,7.54958e+07,7.69924e+07,-0.00785446,0.0118143
4482,7.59757e+07,7.5508e+07,7.39148e+07,-0.00615565,-0.0271259
4648,7.60508e+07,7.70474e+07,8.00101e+07,0.0131041,0.0520609
4814,7.58275e+07,7.6903e+07,7.99504e+07,0.0141832,0.0543718
4980,7.5775e+07,7.74864e+07,7.92201e+07,0.0225852,0.0454648
5146,7.6206e+07,7.59393e+07,8.03506e+07,-0.0034997,0.0543874
5312,7.59706e+07,7.64824e+07,7.68418e+07,0.00673667,0.0114672
5478,7.58271e+07,7.66675e+07,7.60588e+07,0.0110826,0.00305547
5644,7.56264e+07,7.70174e+07,7.98542e+07,0.0183933,0.055904
5810,7.57292e+07,7.66746e+07,7.9651e+07,0.0124837,0.0517863
5976,7.59242e+07,7.64367e+07,7.39787e+07,0.0067501,-0.0256249
6142,7.62646e+07,7.62594e+07,7.21008e+07,-6.84416e-05,-0.0545965
6308,7.62956e+07,7.65845e+07,8.109e+07,0.00378674,0.0628393
6474,7.62056e+07,7.72486e+07,8.03551e+07,0.0136866,0.0544507
6640,7.62003e+07,7.20714e+07,7.6927e+07,-0.0541842,0.00953768
6806,7.63876e+07,7.88441e+07,7.48546e+07,0.0321595,-0.0200676
6972,7.66988e+07,7.83543e+07,8.18948e+07,0.0215852,0.0677451
7138,7.6005e+07,7.73604e+07,7.48848e+07,0.0178328,-0.0147379
7304,7.59728e+07,7.46155e+07,7.61789e+07,-0.0178653,0.00271321
7470,7.57001e+07,7.44553e+07,7.10818e+07,-0.016444,-0.0610079
7636,7.59814e+07,7.78995e+07,7.48532e+07,0.025244,-0.0148484
7802,7.57592e+07,7.84821e+07,7.38422e+07,0.0359414,-0.025304
7968,7.60701e+07,7.5906e+07,7.75509e+07,-0.0021571,0.0194662
8134,7.59887e+07,7.17622e+07,7.66593e+07,-0.0556204,0.00882567
8300,7.64099e+07,7.48753e+07,7.57458e+07,-0.0200831,-0.00869135
8466,7.60042e+07,7.61947e+07,7.63601e+07,0.00250696,0.00468255
8632,7.5934e+07,7.29358e+07,7.56144e+07,-0.039484,-0.0042081
8798,7.56676e+07,7.54291e+07,7.1785e+07,-0.00315116,-0.0513104
8964,7.57289e+07,7.58226e+07,7.87909e+07,0.00123649,0.0404337
9130,7.59564e+07,7.34382e+07,8.00479e+07,-0.0331531,0.0538667
9296,7.60682e+07,7.23267e+07,7.68617e+07,-0.0491853,0.0104316
9462,7.62539e+07,7.83777e+07,7.51247e+07,0.0278512,-0.0148082
9628,7.62601e+07,7.89083e+07,7.43469e+07,0.0347264,-0.0250878
9794,7.59861e+07,7.43505e+07,7.67639e+07,-0.0215249,0.0102365
9960,7.59066e+07,7.40385e+07,7.27109e+07,-0.0246105,-0.0421014
